﻿Designator,Footprint,Quantity,Value,LCSC Part #
"C1, C15, C6",0805,3,47n,
"C10, C13, C16, C17, C20, C3, C4, C5, C9",0805,9,0.1u,
"C11, C14, C18, C2, C21, C7",0805,6,1u,
"C12, C19, C8",0805,3,22u,
"J1, J2, J6",PinSocket_1x04_P2.54mm_Vertical,3,Conn_01x04,
"J3, J4, J5",PinHeader_1x03_P2.54mm_Vertical,3,Conn_01x03,
J7,PinSocket_1x02_P2.54mm_Vertical,1,Conn_01x02,
"R1, R4, R6",0805,3,5.1k,
"R10, R11, R12, R13, R14, R15, R16, R17, R18, R19, R20, R21, R7, R8, R9",0805,15,10k,
"R2, R3, R5",0805,3,22,
"U1, U2, U3",VQFN40_RGF_TEX,3,DRV8316CRRGFR,
