﻿Designator,Footprint,Quantity,Value,LCSC Part #
"C1, C3",0805,2,22u,
C2,0805,1,4.7u,
"C4, C7",0805,2,1u,
C5,0805,1,100n,
C6,0805,1,0.1u,
D1,SOD2513X120N,1,BAT760-7,
J1,USB_C_Receptacle_HRO_TYPE-C-31-M-12,1,TYPE-C-31-M-12,
"J2, J3, J4, J5",PinSocket_1x04_P2.00mm_Vertical,4,Conn_01x04,
J7,PinHeader_1x11_P2.00mm_Vertical,1,Conn_01x11,
R1,0805,1,5.1k,
R2,0805,1,100,
R3,RES_ERA6ARB512V,1,5.1k,
R5,0805,1,10k,
"S1, S2",SW_TS-1088-AR02016,2,TS-1088-AR02016,
U1,ESP32-S3-WROOM-1,1,ESP32-S3-WROOM-1,
U2,SOT-666,1,USBLC6-2P6,
U3,SOT-223-3_TabPin2,1,MCP1826S,
